ID,Title,Content,Kategori,"Fitur Fungsi","Fitur Visual","Fitur Ditawarkan","Penawaran Marketing","Web Fitur Fungsi","Web Fitur Visual","Web Fitur Ditawarkan","Web Penawaran Marketing"
1,"Halo dunia!","<!-- wp:paragraph -->
<p>Selamt datang di WordPress. Ini adalah pos pertama Anda. Sunting atau hapus, kemudian mulai menulis!</p>
<!-- /wp:paragraph -->","Tak Berkategori",,,,,,,,
6,"Bisnis & Perusahaan","
<div class=""container"">
  <div class=""row"">
    <div class=""col-md-12"">
      <div class=""page-header"">
        <h2>Pentingnya Website untuk Bisnis & Perusahaan</h2>
      </div>
      <div class=""row"">
        <div class=""col-md-6"">
            <img src=""https://images.pexels.com/photos/3184418/pexels-photo-3184418.jpeg?auto=compress&cs=tinysrgb&w=1260&h=750&dpr=1"" class=""img-responsive"" alt=""Ilustrasi Website Bisnis"">
        </div>
        <div class=""col-md-6"">
          <p>Di era digital saat ini, memiliki website bukan lagi sebuah pilihan, melainkan sebuah kebutuhan bagi semua jenis bisnis dan perusahaan. Website berfungsi sebagai representasi online bisnis Anda dan jembatan penghubung dengan pelanggan potensial di seluruh dunia.  Kehadiran online yang kuat melalui website menawarkan berbagai manfaat krusial yang dapat mendorong pertumbuhan dan kesuksesan bisnis Anda.</p>
        </div>
      </div>


      <h3>Meningkatkan Kredibilitas dan Profesionalisme</h3>
      <p>Website profesional memberikan kesan pertama yang positif dan meningkatkan kredibilitas bisnis Anda.  Pelanggan cenderung lebih percaya pada bisnis yang memiliki website informatif dan mudah dinavigasi. Website juga memungkinkan Anda menampilkan portofolio, testimoni, dan informasi penting lainnya yang memperkuat citra profesional bisnis Anda.</p>

      <h3>Jangkauan Pasar yang Lebih Luas</h3>
      <p>Website memungkinkan bisnis Anda menjangkau pelanggan potensial di mana pun dan kapan pun. Tidak terbatas oleh batasan geografis, website membuka peluang untuk memperluas pasar dan menjangkau audiens yang lebih luas.  Hal ini khususnya penting bagi bisnis yang ingin menargetkan pasar internasional.</p>

      <h3>Layanan Pelanggan 24/7</h3>
      <p>Website dapat berfungsi sebagai pusat informasi dan layanan pelanggan yang tersedia 24 jam sehari, 7 hari seminggu.  FAQ, formulir kontak, dan fitur live chat memungkinkan pelanggan mendapatkan informasi yang mereka butuhkan dengan cepat dan mudah, bahkan di luar jam operasional bisnis.  Ini meningkatkan kepuasan pelanggan dan efisiensi operasional.</p>

      <h3>Meningkatkan Brand Awareness</h3>
      <p>Website yang dirancang dengan baik dan dioptimalkan untuk mesin pencari dapat meningkatkan visibilitas online bisnis Anda.  Dengan strategi SEO yang tepat, website Anda dapat muncul di halaman pertama hasil pencarian Google, meningkatkan brand awareness dan menarik lebih banyak traffic organik.</p>

      <h3>Analisis dan Pengukuran Performa</h3>
      <p>Website menyediakan platform untuk melacak dan menganalisis performa bisnis Anda.  Dengan tools analitik website, Anda dapat memantau traffic website, perilaku pengunjung, konversi, dan metrik penting lainnya.  Data ini memberikan wawasan berharga untuk mengoptimalkan strategi pemasaran dan meningkatkan efektivitas website Anda.</p>

      <h3>Efisiensi Biaya</h3>
      <p>Meskipun terdapat biaya awal untuk membangun dan memelihara website, dalam jangka panjang, website dapat menjadi investasi yang sangat efisien.  Website dapat mengotomatiskan berbagai tugas bisnis, seperti pemesanan online dan layanan pelanggan, mengurangi biaya operasional dan meningkatkan efisiensi.</p>


      <div class=""row"">
        <div class=""col-md-12"">
            <p class=""text-center"">Dengan demikian, memiliki website merupakan langkah penting bagi bisnis dan perusahaan di era digital. Investasi pada website profesional akan memberikan keuntungan jangka panjang dan membantu bisnis Anda mencapai kesuksesan yang berkelanjutan.</p>
        </div>
      </div>
    </div>
  </div>
</div>
</p>
<p>
<div class=""container"">
  <div class=""row"">
    <div class=""col-md-12"">
      <h1>Website Bisnis & Perusahaan: Solusi Digital untuk Kesuksesan Anda</h1>
      <p>Di era digital ini, website bukan lagi sekadar pilihan, melainkan kebutuhan mutlak bagi setiap bisnis dan perusahaan. Website berfungsi sebagai representasi online bisnis Anda, memungkinkan Anda menjangkau pelanggan lebih luas, membangun kredibilitas, dan meningkatkan penjualan. Kami menawarkan solusi website profesional dengan fitur lengkap yang dirancang khusus untuk membantu bisnis Anda berkembang.</p>
      <img src=""https://images.pexels.com/photos/590022/pexels-photo-590022.jpeg?auto=compress&cs=tinysrgb&w=1260&h=750&dpr=1"" class=""img-responsive"" alt=""Website Illustration"">
    </div>
  </div>

  <div class=""row"">

    <div class=""col-md-4"">
      <h2 id=""analytics""><i class=""fa fa-bar-chart""></i> <a href=""https://jasaweb.madxartwork.eu.org/analytics/"">Analytics</a></h2>
      <p>Pantau performa website Anda dengan analitik terintegrasi. Dapatkan wawasan berharga tentang pengunjung, traffic, konversi, dan lainnya. </p>
      <p>Data ini membantu Anda memahami perilaku pelanggan, mengoptimalkan strategi pemasaran, dan meningkatkan efektivitas website Anda.</p>
      <p>Dengan menganalisis data, Anda dapat membuat keputusan berdasarkan data yang akurat untuk pertumbuhan bisnis yang lebih baik.</p>
    </div>

    <div class=""col-md-4"">
      <h2 id=""blog""><i class=""fa fa-newspaper-o""></i> <a href=""https://jasaweb.madxartwork.eu.org/blog-artikel-informasi-berita/"">Blog, Artikel, Informasi & Berita</a></h2>
      <p>Bagikan informasi berharga, berita industri, dan artikel menarik melalui blog terintegrasi.</p>
      <p>Konten yang berkualitas dapat meningkatkan SEO, menarik pengunjung, dan membangun kredibilitas Anda sebagai ahli di bidang Anda.  </p>
      <p>Blog juga merupakan platform efektif untuk berinteraksi dengan pelanggan dan membangun komunitas online.</p>
    </div>

    <div class=""col-md-4"">
      <h2 id=""cta""><i class=""fa fa-mouse-pointer""></i> <a href=""https://jasaweb.madxartwork.eu.org/call-to-action-cta/"">Call to Action (CTA)</a></h2>
      <p>Arahkan pengunjung website untuk melakukan tindakan spesifik dengan tombol CTA yang menarik dan strategis.</p>
      <p>CTA dapat berupa ajakan untuk membeli produk, mendaftar newsletter, menghubungi tim sales, dan lainnya.  </p>
      <p>CTA yang efektif dapat meningkatkan konversi dan mendorong pertumbuhan bisnis Anda.</p>
    </div>

    <div class=""col-md-4"">
      <h2 id=""database""><i class=""fa fa-database""></i> <a href=""https://jasaweb.madxartwork.eu.org/database/"">Database</a></h2>
      <p>Kelola data pelanggan, produk, dan informasi penting lainnya dengan database yang terstruktur dan aman.</p>
      <p>Database yang terorganisir memudahkan Anda dalam mengakses, menganalisis, dan memanfaatkan data untuk kepentingan bisnis.</p>
    </div>

    <div class=""col-md-4"">
      <h2 id=""formulir""><i class=""fa fa-wpforms""></i> <a href=""https://jasaweb.madxartwork.eu.org/formulir-kontak/"">Formulir & Kontak</a></h2>
      <p>Mudahkan pelanggan untuk menghubungi Anda melalui formulir kontak yang responsif dan mudah digunakan. </p>
      <p>Formulir kontak yang terintegrasi dengan sistem manajemen data dapat meningkatkan efisiensi komunikasi dan layanan pelanggan.</p>
    </div>

    <div class=""col-md-4"">
      <h2 id=""sosial-media""><i class=""fa fa-share-alt""></i> <a href=""https://jasaweb.madxartwork.eu.org/integrasi-sosial-media/"">Integrasi Sosial Media</a></h2>
      <p>Hubungkan website Anda dengan platform sosial media untuk memperluas jangkauan dan meningkatkan brand awareness.</p>
      <p>Integrasi sosial media memungkinkan pengunjung untuk berbagi konten website Anda dengan mudah dan berinteraksi dengan bisnis Anda di berbagai platform.</p>
    </div>

    <div class=""col-md-4"">
      <h2 id=""keamanan""><i class=""fa fa-lock""></i> <a href=""https://jasaweb.madxartwork.eu.org/keamanan/"">Keamanan</a></h2>
      <p>Website Anda akan dilindungi dengan sistem keamanan yang canggih untuk mencegah serangan cyber dan melindungi data sensitif.</p>
      <p>Keamanan website yang handal sangat penting untuk menjaga kepercayaan pelanggan dan melindungi reputasi bisnis Anda.</p>
    </div>

    <div class=""col-md-4"">
      <h2 id=""multi-bahasa""><i class=""fa fa-globe""></i> <a href=""https://jasaweb.madxartwork.eu.org/multi-bahasa/"">Multi Bahasa</a></h2>
      <p>Jangkau pasar global dengan website multi bahasa. Tampilkan konten website Anda dalam berbagai bahasa untuk menjangkau pelanggan internasional.</p>
      <p>Fitur multi bahasa dapat meningkatkan visibilitas dan jangkauan bisnis Anda di pasar internasional.</p>
    </div>

    <div class=""col-md-4"">
      <h2 id=""pembayaran""><i class=""fa fa-credit-card""></i> <a href=""https://jasaweb.madxartwork.eu.org/pembayaran-online-payment-gateway/"">Pembayaran Online/Payment Gateway</a></h2>
      <p>Fasilitasi transaksi online dengan integrasi payment gateway yang aman dan terpercaya. </p>
      <p>Pembayaran online yang mudah dan aman dapat meningkatkan penjualan dan kepuasan pelanggan.</p>
    </div>

    <div class=""col-md-4"">
      <h2 id=""pendaftaran""><i class=""fa fa-user-plus""></i> <a href=""https://jasaweb.madxartwork.eu.org/pendaftaran-keanggotaan/"">Pendaftaran & Keanggotaan</a></h2>
      <p>Berikan akses eksklusif dan konten premium kepada anggota terdaftar. </p>
      <p>Sistem keanggotaan dapat meningkatkan loyalitas pelanggan dan membangun komunitas online yang solid.  </p>
    </div>

    <div class=""col-md-4"">
      <h2 id=""peta""><i class=""fa fa-map-marker""></i> <a href=""https://jasaweb.madxartwork.eu.org/peta/"">Peta</a></h2>
      <p>Tampilkan lokasi bisnis Anda dengan peta interaktif. Mudahkan pelanggan untuk menemukan lokasi fisik bisnis Anda.</p>
      <p>Peta lokasi yang jelas dapat meningkatkan kunjungan ke toko fisik dan mempermudah pelanggan untuk menghubungi Anda.</p>
    </div>


    <div class=""col-md-4"">
      <h2 id=""seo""><i class=""fa fa-search""></i> <a href=""https://jasaweb.madxartwork.eu.org/seo/"">SEO</a></h2>
      <p>Optimalkan website Anda untuk mesin pencari dengan strategi SEO yang efektif. </p>
      <p>SEO yang baik dapat meningkatkan peringkat website Anda di hasil pencarian, meningkatkan visibilitas, dan mendatangkan lebih banyak traffic organik.</p>
      <p>Dengan SEO yang tepat, bisnis Anda dapat menjangkau lebih banyak pelanggan potensial dan meningkatkan brand awareness.</p>
    </div>
  </div>


</div>
</p>
<p>
<div class=""container"">
  <div class=""row"">
    <div class=""col-md-12"">
      <h2>Website Profesional untuk Bisnis & Perusahaan Anda</h2>
      <p>Di era digital ini, website bukan lagi sekadar pelengkap, melainkan kebutuhan vital bagi setiap bisnis dan perusahaan. Website profesional menjadi representasi online bisnis Anda,  jembatan komunikasi dengan pelanggan, dan sarana efektif untuk mencapai target pasar yang lebih luas. Kami menawarkan solusi website komprehensif yang dirancang khusus untuk meningkatkan visibilitas, kredibilitas, dan pertumbuhan bisnis Anda.</p>
      <p>Layanan pembuatan website kami mencakup berbagai fitur visual yang powerful dan user-friendly, memastikan website Anda tidak hanya menarik secara estetika, tetapi juga fungsional dan memberikan pengalaman terbaik bagi pengunjung.</p>
      <img src=""https://images.pexels.com/photos/4050320/pexels-photo-4050320.jpeg?auto=compress&cs=tinysrgb&w=1260&h=750&dpr=1"" class=""img-responsive"" alt=""Website Design Illustration"">
    </div>
  </div>


  <div class=""row"">

    <div class=""col-md-4"">
      <h3><i class=""fa fa-play-circle""></i> <a href=""https://jasaweb.madxartwork.eu.org/animasi/"">Animasi</a></h3>
      <p>Sentuhan animasi yang halus dan tepat dapat menghidupkan website Anda, menarik perhatian pengunjung, dan membuat informasi lebih mudah dicerna.  Animasi loading, transisi antar halaman, atau efek hover pada elemen website dapat meningkatkan interaksi dan menciptakan kesan modern.</p>
      <p>Kami menggunakan teknik animasi terkini untuk memastikan website Anda tampil dinamis tanpa mengorbankan kecepatan loading.  Animasi yang kami terapkan dioptimalkan untuk performa dan kompatibel di berbagai perangkat.</p>
    </div>

    <div class=""col-md-4"">
      <h3><i class=""fa fa-paint-brush""></i> <a href=""https://jasaweb.madxartwork.eu.org/desain-grafis/"">Desain Grafis</a></h3>
      <p>Desain grafis yang profesional dan konsisten membangun identitas visual brand Anda di dunia online.  Kami menciptakan desain yang menarik, informatif, dan mencerminkan nilai-nilai bisnis Anda.</p>
      <p>Dari pemilihan warna, tipografi, hingga tata letak, setiap elemen dirancang dengan cermat untuk menciptakan kesan positif dan memperkuat citra brand Anda di mata pelanggan.</p>
    </div>

    <div class=""col-md-4"">
      <h3><i class=""fa fa-picture-o""></i> <a href=""https://jasaweb.madxartwork.eu.org/edit-foto/"">Edit Foto</a></h3>
      <p>Visual yang berkualitas tinggi sangat penting untuk menarik perhatian dan membangun kepercayaan. Layanan edit foto kami memastikan setiap gambar di website Anda tampil optimal, tajam, dan profesional.</p>
      <p>Kami melakukan optimasi gambar agar tetap berkualitas tinggi namun dengan ukuran file yang efisien, sehingga website Anda tetap cepat diakses.</p>
    </div>
  </div>


  <div class=""row"">
    <div class=""col-md-4"">
      <h3><i class=""fa fa-image""></i> <a href=""https://jasaweb.madxartwork.eu.org/galeri/"">Galeri</a></h3>
      <p>Tampilkan portofolio produk atau layanan Anda dengan galeri yang elegan dan mudah dinavigasi.  Galeri foto dan video memungkinkan pengunjung untuk menjelajahi penawaran Anda dengan lebih interaktif dan mendalam.</p>
      <p>Kami menyediakan berbagai opsi tampilan galeri yang dapat disesuaikan dengan kebutuhan dan estetika website Anda.</p>
    </div>

    <div class=""col-md-4"">
      <h3><i class=""fa fa-bars""></i> <a href=""https://jasaweb.madxartwork.eu.org/navigasi/"">Navigasi</a></h3>
      <p>Navigasi yang intuitif dan user-friendly merupakan kunci bagi pengalaman pengguna yang positif.  Kami merancang struktur navigasi yang memudahkan pengunjung untuk menemukan informasi yang mereka butuhkan dengan cepat dan efisien.</p>
      <p>Menu yang terstruktur dengan baik dan tautan yang jelas akan meningkatkan keterlibatan pengunjung dan mengurangi bounce rate.</p>

    </div>

    <div class=""col-md-4"">
      <h3><i class=""fa fa-mobile""></i> <a href=""https://jasaweb.madxartwork.eu.org/responsive-ponsel-tablet/"">Responsive Ponsel & Tablet</a></h3>
      <p>Di era mobile-first, website Anda harus dapat diakses dengan sempurna di berbagai perangkat, mulai dari desktop hingga smartphone dan tablet.  Desain responsif memastikan tampilan website Anda tetap optimal dan user-friendly di semua ukuran layar.</p>
      <p>Dengan website responsif, Anda dapat menjangkau audiens yang lebih luas dan memberikan pengalaman browsing yang konsisten di semua platform.</p>
    </div>
  </div>

  <div class=""row"">
    <div class=""col-md-4"">
      <h3><i class=""fa fa-picture-o""></i> <a href=""https://jasaweb.madxartwork.eu.org/slideshow-hero-banner/"">Slideshow & Hero Banner</a></h3>
      <p>Sampaikan pesan utama Anda dengan slideshow dan hero banner yang menarik perhatian.  Visual yang mencolok dan tagline yang powerful akan langsung memikat pengunjung dan meninggalkan kesan yang tak terlupakan.</p>
      <p>Kami membantu Anda menciptakan slideshow dan hero banner yang efektif untuk mempromosikan produk, layanan, atau penawaran khusus Anda.</p>
    </div>


    <div class=""col-md-4"">
      <h3><i class=""fa fa-film""></i> <a href=""https://jasaweb.madxartwork.eu.org/video/"">Video</a></h3>
      <p>Konten video merupakan media yang efektif untuk menyampaikan informasi secara engaging dan menarik.  Integrasikan video di website Anda untuk memperkenalkan bisnis Anda, menjelaskan produk, atau memberikan tutorial.</p>
      <p>Kami membantu Anda mengoptimalkan video untuk website agar loading tetap cepat dan memberikan pengalaman menonton yang lancar.</p>
    </div>


<div class=""col-md-4""></div>
</div>

</div>
</p>
<p>
<div class=""container"">
  <div class=""row"">
    <div class=""col-md-12"">
      <h2>Dapatkan Website Profesional untuk Bisnis & Perusahaan Anda!</h2>
      <p>Di era digital ini, website bukan lagi sekadar pilihan, melainkan kebutuhan utama bagi setiap bisnis dan perusahaan. Website profesional dapat meningkatkan kredibilitas, memperluas jangkauan pasar, dan mendongkrak penjualan.  Kami menawarkan solusi website lengkap dengan fitur canggih berbasis AI untuk membantu bisnis Anda berkembang pesat.</p>
      <img src=""https://images.pexels.com/photos/4050320/pexels-photo-4050320.jpeg?auto=compress&cs=tinysrgb&w=1260&h=750&dpr=1"" alt=""Website Illustration"" class=""img-responsive center-block"" style=""max-width: 600px;"">
    </div>
  </div>

  <div class=""row"">
    <div class=""col-md-6"">
      <h3 id=""content-ai""><i class=""fa fa-pencil""></i> <a href=""https://jasaweb.madxartwork.eu.org/pembuatan-content-dengan-ai/"">Pembuatan Content dengan AI</a></h3>
      <p>Tingkatkan kualitas dan efisiensi pembuatan konten website Anda dengan teknologi AI mutakhir.  Fitur ini memungkinkan Anda menghasilkan berbagai jenis konten, seperti artikel blog, deskripsi produk, dan postingan media sosial, secara otomatis dan cepat.</p>
      <p>Lupakan kesulitan writer's block dan hemat waktu berharga Anda. AI kami akan menghasilkan konten yang relevan, informatif, dan SEO-friendly, sehingga website Anda lebih mudah ditemukan oleh calon pelanggan. Dengan konten berkualitas tinggi yang konsisten, Anda dapat membangun otoritas brand dan menarik lebih banyak pengunjung.</p>
      <p>Algoritma AI kami terus belajar dan berkembang, memastikan konten yang dihasilkan selalu up-to-date dan sesuai dengan tren terkini. Anda dapat menyesuaikan gaya penulisan dan topik sesuai kebutuhan bisnis Anda, menghasilkan konten yang unik dan menarik bagi target audiens.</p>
    </div>

    <div class=""col-md-6"">
      <h3 id=""foto-grafis-ai""><i class=""fa fa-image""></i> <a href=""https://jasaweb.madxartwork.eu.org/pembuatan-foto-grafis-dengan-ai/"">Pembuatan Foto & Grafis dengan AI</a></h3>
      <p>Visual yang menarik adalah kunci untuk memikat perhatian pengunjung website.  Dengan fitur Pembuatan Foto & Grafis dengan AI, Anda dapat menciptakan visual profesional berkualitas tinggi tanpa perlu keahlian desain grafis.</p>
      <p>Buat logo, banner, ilustrasi, dan berbagai jenis grafis lainnya dengan mudah dan cepat.  AI kami akan menghasilkan visual yang sesuai dengan identitas brand dan pesan yang ingin Anda sampaikan. Tingkatkan daya tarik visual website Anda dan ciptakan kesan profesional yang tak terlupakan.</p>
      <p>Hemat biaya dan waktu dengan memanfaatkan teknologi AI untuk kebutuhan visual website Anda.  Anda tidak perlu lagi menyewa desainer grafis atau membeli software mahal.  Cukup gunakan fitur ini dan dapatkan visual yang Anda butuhkan dalam hitungan menit.</p>

    </div>
  </div>
</div>
</p>
<p>
<div class=""container"">
  <div class=""row"">
    <div class=""col-md-12"">
      <h2>Tingkatkan Bisnis Anda dengan Website Profesional</h2>
      <p>Di era digital ini, website adalah aset penting bagi setiap bisnis.  Website bukan hanya sekedar identitas online, tetapi juga merupakan platform yang ampuh untuk menjangkau pelanggan baru, membangun kredibilitas, dan meningkatkan penjualan. Kami menawarkan jasa pembuatan website profesional untuk bisnis dan perusahaan, dilengkapi dengan berbagai layanan pemasaran digital untuk memaksimalkan potensi bisnis Anda.</p>
      <img src=""https://images.pexels.com/photos/590022/pexels-photo-590022.jpeg?auto=compress&cs=tinysrgb&w=1260&h=750&dpr=1"" alt=""Website Illustration"" class=""img-responsive center-block"" width=""500"">
    </div>
  </div>


  <div class=""row"">
    <div class=""col-md-6"">
      <h3><i class=""fa fa-camera-retro""></i> <a href=""https://jasaweb.madxartwork.eu.org/fotografi-video-desain-grafis/"">Fotografi, Video & Desain Grafis</a></h3>
      <p>Visual yang menarik adalah kunci untuk memikat perhatian audiens.  Layanan fotografi, videografi, dan desain grafis profesional kami akan membantu Anda menciptakan konten visual yang berkualitas tinggi untuk website dan platform pemasaran lainnya.</p>
      <p>Dari foto produk yang memukau hingga video promosi yang informatif, kami siap membantu Anda menyampaikan pesan brand Anda dengan cara yang efektif dan kreatif.</p>
      <p>Desain grafis yang konsisten dan profesional juga akan memperkuat identitas brand Anda dan meningkatkan kepercayaan pelanggan.</p>
    </div>
    <div class=""col-md-6"">
      <h3><i class=""fa fa-google""></i> <a href=""https://jasaweb.madxartwork.eu.org/iklan-google-ads/"">Iklan Google Ads</a></h3>
      <p>Jangkau pelanggan potensial Anda di saat mereka mencari produk atau layanan yang Anda tawarkan dengan Iklan Google Ads. Kami akan membantu Anda menyusun strategi kampanye yang efektif dan tertarget untuk memaksimalkan ROI (Return on Investment).</p>
      <p>Dengan optimasi kata kunci yang tepat dan pengelolaan bidding yang cermat, kami memastikan iklan Anda tampil di hadapan audiens yang tepat, pada waktu yang tepat.</p>
    </div>
  </div>

  <div class=""row"">
    <div class=""col-md-6"">
      <h3><i class=""fa fa-share-alt""></i> <a href=""https://jasaweb.madxartwork.eu.org/iklan-sosial-media/"">Iklan Sosial Media</a></h3>
      <p>Manfaatkan kekuatan media sosial untuk menjangkau target pasar Anda dengan lebih efektif.  Kami menawarkan jasa pengelolaan iklan di berbagai platform sosial media populer, seperti Facebook, Instagram, dan lainnya.</p>
      <p>Dengan strategi yang tepat dan konten yang menarik, kami akan membantu Anda meningkatkan brand awareness, engagement, dan konversi.</p>
    </div>
    <div class=""col-md-6"">
      <h3><i class=""fa fa-thumbs-up""></i> <a href=""https://jasaweb.madxartwork.eu.org/sosial-media-facebook-instagram-tiktok/"">Sosial Media, Facebook, Instagram, Tiktok</a></h3>
      <p>Bangun komunitas online yang kuat dan loyal dengan strategi sosial media yang efektif. Kami akan membantu Anda mengelola akun sosial media Anda, menciptakan konten yang menarik, dan berinteraksi dengan followers Anda.</p>
      <p>Dengan pendekatan yang terencana dan konsisten, kami akan membantu Anda meningkatkan brand awareness, membangun reputasi positif, dan mendorong pertumbuhan bisnis Anda.</p>
      <p>Kami akan mengoptimalkan profil Anda di Facebook, Instagram, dan TikTok untuk menjangkau audiens yang lebih luas.</p>
    </div>
  </div>

</div>

","Jenis Website","[14,15,16,17,18,19,20,21,22,23,24,25]","[29,30,33,26,32,31,27,28]","[34,35]","[39,36,38,37]",,,,
7,"Toko Online (E-commerce)",,"Jenis Website","[14,15,16,17,20,21,22,23,25]","[27,28,31,32]",,"[39,36,38,37]",,,,
8,Blog,,"Jenis Website","[14,15,19,20,25]","[26,27,28,31,32]",,[37],,,,
9,"Portofolio & Galeri",,"Jenis Website","[14,15,19,20,25]","[26,27,28,29,31]",[34],"[37,38]",,,,
10,"Portal Berita & Hiburan",,"Jenis Website","[14,15,17,19,20,23]","[26,27,28,30,31,32]",,"[37,38]",,,,
11,"Situs Pendidikan & Kursus Online",,"Jenis Website","[14,15,16,17,18,19,20,22,23,24,25]","[26,27,28,30,31,32]","[34,35]","[39,36,38,37]",,,,
12,Komunitas,,"Jenis Website","[14,15,17,18,19,20,22,23]","[26,27,28,30,31,33]","[34,35]","[37,39]",,,,
13,"Landing Page",,"Jenis Website","[14,16,18,20,21,22,23,25]","[26,27,28,29,30,31,33]","[34,35]","[39,36,38,37]",,,,
14,Analytics,,"Fitur Fungsi",,,,,"[6,7,8,9,10,11,12,13]",,,
15,"Blog, Artikel, Informasi & Berita",,"Fitur Fungsi",,,,,"[6,7,8,9,10,11,12]",,,
16,"Call to Action (CTA)",,"Fitur Fungsi",,,,,"[6,7,11,13]",,,
17,Database,,"Fitur Fungsi",,,,,"[6,7,10,11,12]",,,
18,"Formulir & Kontak",,"Fitur Fungsi",,,,,"[6,11,12,13]",,,
19,"Integrasi Sosial Media",,"Fitur Fungsi",,,,,"[6,8,9,10,11,12]",,,
20,Keamanan,,"Fitur Fungsi",,,,,"[6,7,8,9,10,11,12,13]",,,
21,"Multi Bahasa","
<div class=""container"">
  <div class=""row"">
    <div class=""col-md-12"">
      <div class=""page-header"">
        <h2>Manfaat Website Multi Bahasa</h2>
      </div>
      <div class=""row"">
        <div class=""col-md-6"">
          <img src=""https://images.pexels.com/photos/3861969/pexels-photo-3861969.jpeg?auto=compress&cs=tinysrgb&w=1260&h=750&dpr=1"" class=""img-responsive"" alt=""Website Multi Bahasa Illustration"">
        </div>
        <div class=""col-md-6"">
          <p>Di era globalisasi ini, memiliki website multi bahasa bukan lagi sekadar pilihan, melainkan sebuah kebutuhan.  Website yang mampu berkomunikasi dalam berbagai bahasa dapat membuka pintu menuju pasar yang lebih luas dan memberikan berbagai manfaat signifikan bagi bisnis maupun organisasi Anda. Berikut beberapa keuntungan utama memiliki website multi bahasa:</p>
          <ul>
            <li><b>Jangkauan Pasar yang Lebih Luas:</b> Dengan menyediakan konten dalam berbagai bahasa, Anda dapat menjangkau audiens internasional yang lebih besar. Hal ini memungkinkan Anda untuk memperluas pangsa pasar dan meningkatkan potensi pertumbuhan bisnis secara eksponensial.</li>
            <li><b>Peningkatan Pengalaman Pengguna:</b> Pengunjung website akan lebih nyaman dan mudah memahami informasi yang disajikan dalam bahasa mereka sendiri. Ini akan meningkatkan kepuasan pengguna dan mendorong mereka untuk menjelajahi website Anda lebih lanjut.</li>
            <li><b>Keunggulan Kompetitif:</b> Di pasar yang semakin kompetitif, website multi bahasa dapat menjadi pembeda yang signifikan.  Ini menunjukkan komitmen Anda untuk melayani pelanggan dari berbagai latar belakang dan memberikan keunggulan dibandingkan kompetitor yang hanya menggunakan satu bahasa.</li>
            <li><b>Peningkatan Visibilitas di Mesin Pencari:</b>  Website multi bahasa dapat meningkatkan peringkat SEO Anda di berbagai wilayah. Dengan menargetkan kata kunci dalam berbagai bahasa, Anda dapat memperluas jangkauan pencarian dan menarik lebih banyak trafik organik.</li>
            <li><b>Membangun Kepercayaan dan Kredibilitas:</b>  Menyediakan informasi dalam bahasa lokal menunjukkan rasa hormat dan apresiasi terhadap budaya target audiens. Hal ini dapat membangun kepercayaan dan kredibilitas, serta memperkuat hubungan dengan pelanggan.</li>
            <li><b>Meningkatkan Konversi:</b>  Pengunjung website lebih cenderung melakukan pembelian atau tindakan yang diinginkan ketika mereka memahami informasi produk atau layanan dengan jelas dalam bahasa mereka sendiri. Ini dapat meningkatkan tingkat konversi dan ROI (Return on Investment).</li>
          </ul>
        </div>
      </div>
      <div class=""row"">
        <div class=""col-md-12"">
          <p>Singkatnya, website multi bahasa merupakan investasi yang berharga untuk bisnis atau organisasi yang ingin berkembang di pasar global.  Dengan memperluas jangkauan, meningkatkan pengalaman pengguna, dan membangun kepercayaan, website multi bahasa dapat membantu Anda mencapai kesuksesan yang lebih besar.</p>
        </div>
      </div>
    </div>
  </div>
</div>
</p>
<p>
<div class=""container"">
    <div class=""row"">
        <div class=""col-md-12"">
            <h2>Dapatkan Website Multi Bahasa Sekarang!</h2>
            <p>Perluas jangkauan bisnis Anda dan tarik lebih banyak pelanggan dengan website multi bahasa profesional. Kami menawarkan layanan pembuatan website dengan fitur multi bahasa terintegrasi untuk berbagai jenis website.</p>
        </div>
    </div>

    <div class=""row"">
        <div class=""col-md-4"">
            <div class=""panel panel-default"">
                <div class=""panel-heading"">
                    <h3 class=""panel-title""><i class=""fa fa-briefcase""></i> <a href=""https://jasaweb.madxartwork.eu.org/bisnis-perusahaan/"">Website Bisnis & Perusahaan</a></h3>
                </div>
                <div class=""panel-body"">
                    <img src=""https://images.pexels.com/photos/3184418/pexels-photo-3184418.jpeg?auto=compress&cs=tinysrgb&w=1260&h=750&dpr=1"" alt=""Website Bisnis"" class=""img-responsive"" width=""100%"">
                    <p>Website multi bahasa untuk bisnis dan perusahaan memungkinkan Anda menjangkau pasar internasional dan meningkatkan kredibilitas brand.  Dengan menyediakan informasi dalam berbagai bahasa, Anda dapat membangun kepercayaan dengan pelanggan potensial di seluruh dunia.</p>
                    <p>Fitur multi bahasa memudahkan pengunjung website untuk mengakses informasi produk, layanan, dan profil perusahaan dalam bahasa yang mereka pahami. Ini dapat meningkatkan engagement dan konversi pelanggan.</p>

                </div>
            </div>
        </div>
        <div class=""col-md-4"">
            <div class=""panel panel-default"">
                <div class=""panel-heading"">
                    <h3 class=""panel-title""><i class=""fa fa-shopping-cart""></i> <a href=""https://jasaweb.madxartwork.eu.org/toko-online-e-commerce/"">Website Toko Online (E-commerce)</a></h3>
                </div>
                <div class=""panel-body"">
                    <img src=""https://images.pexels.com/photos/5958047/pexels-photo-5958047.jpeg?auto=compress&cs=tinysrgb&w=1260&h=750&dpr=1"" alt=""Website Toko Online"" class=""img-responsive"" width=""100%"">
                    <p>Tingkatkan penjualan dan perluas pasar Anda dengan website toko online multi bahasa.  Tawarkan pengalaman belanja yang lebih personal kepada pelanggan internasional dengan menampilkan produk, deskripsi, dan proses checkout dalam bahasa mereka.</p>
                    <p>Website e-commerce multi bahasa dapat meningkatkan kepercayaan pelanggan dan mengurangi hambatan bahasa, yang pada akhirnya akan meningkatkan konversi dan pendapatan bisnis Anda.</p>

                </div>
            </div>
        </div>
        <div class=""col-md-4"">
            <div class=""panel panel-default"">
                <div class=""panel-heading"">
                    <h3 class=""panel-title""><i class=""fa fa-bullseye""></i> <a href=""https://jasaweb.madxartwork.eu.org/landing-page/"">Website Landing Page</a></h3>
                </div>
                <div class=""panel-body"">
                    <img src=""https://images.pexels.com/photos/385568/pexels-photo-385568.jpeg"" alt=""Website Landing Page"" class=""img-responsive"" width=""100%"">
                    <p>Optimalkan konversi kampanye pemasaran Anda dengan landing page multi bahasa. Sasar audiens yang lebih luas dan tingkatkan tingkat konversi dengan menyampaikan pesan yang tepat dalam bahasa yang mereka pahami.</p>
                    <p>Landing page multi bahasa memungkinkan Anda untuk menyesuaikan pesan dan penawaran dengan target pasar yang berbeda, sehingga meningkatkan efektivitas kampanye pemasaran Anda.</p>
                    <p>Dengan landing page multi bahasa, Anda dapat membangun hubungan yang lebih kuat dengan audiens global dan mendorong lebih banyak konversi.</p>

                </div>
            </div>
        </div>
    </div>
</div>
","Fitur Fungsi",,,,,"[6,7,13]",,,
22,"Pembayaran Online/Payment Gateway",,"Fitur Fungsi",,,,,"[6,7,11,12,13]",,,
23,"Pendaftaran & Keanggotaan",,"Fitur Fungsi",,,,,"[6,7,10,11,12,13]",,,
24,Peta,,"Fitur Fungsi",,,,,"[6,11]",,,
25,"SEO ",,"Fitur Fungsi",,,,,"[6,7,8,9,11,13]",,,
26,Galeri,,"Fitur Visual",,,,,,"[6,8,9,10,11,12,13]",,
27,"Slideshow & Hero Banner",,"Fitur Visual",,,,,,"[6,7,8,9,10,11,12,13]",,
28,Video,,"Fitur Visual",,,,,,"[6,7,8,9,10,11,12,13]",,
29,Animasi,,"Fitur Visual",,,,,,"[6,9,13]",,
30,"Desain Grafis",,"Fitur Visual",,,,,,"[6,10,11,12,13]",,
31,"Responsive Ponsel & Tablet",,"Fitur Visual",,,,,,"[6,7,8,9,10,11,12,13]",,
32,Navigasi,,"Fitur Visual",,,,,,"[6,7,8,10,11]",,
33,"Edit Foto",,"Fitur Visual",,,,,,"[6,12,13]",,
34,"Pembuatan Content dengan AI",,"Fitur Ditawarkan",,,,,,,"[6,9,11,12,13]",
35,"Pembuatan Foto & Grafis dengan AI",,"Fitur Ditawarkan",,,,,,,"[6,11,12,13]",
36,"Iklan Google Ads",,"Penawaran Marketing",,,,,,,,"[6,7,11,13]"
37,"Sosial Media, Facebook, Instagram, Tiktok",,"Penawaran Marketing",,,,,,,,"[6,7,8,9,10,11,12,13]"
38,"Iklan Sosial Media",,"Penawaran Marketing",,,,,,,,"[6,7,9,10,11,13]"
39,"Fotografi, Video & Desain Grafis",,"Penawaran Marketing",,,,,,,,"[6,7,11,12,13]"
